editor,platform,project,relative_file,language,event_time
VSCode,Linux 5.10,01-Associations [WSL: Ubuntu],app/models/post.rb,ruby,1702058820000
VSCode,Linux 5.10,01-Associations [WSL: Ubuntu],app/models/post.rb,ruby,1702058880000
VSCode,Linux 5.10,01-Associations [WSL: Ubuntu],app/models/post.rb,ruby,1702058940000
VSCode,Linux 5.10,05-Seed-API [WSL: Ubuntu],app/models/post.rb,ruby,1702059060000
VSCode,Linux 5.10,05-Seed-API [WSL: Ubuntu],db/seeds.rb,ruby,1702059120000
VSCode,Linux 5.10,05-Seed-API [WSL: Ubuntu],db/seeds.rb,ruby,1702059180000
VSCode,Linux 5.10,05-Seed-API [WSL: Ubuntu],db/seeds.rb,ruby,1702059300000
VSCode,Linux 5.10,01-Create-a-DB [WSL: Ubuntu],db/.gitkeep,plaintext,1702059360000
VSCode,Linux 5.10,02-Migrations [WSL: Ubuntu],db/migrate/20141025152200_create_posts.rb,ruby,1702059720000
VSCode,Linux 5.10,02-Migrations [WSL: Ubuntu],db/migrate/20141025152200_create_posts.rb,ruby,1702059780000
VSCode,Linux 5.10,02-Migrations [WSL: Ubuntu],db/migrate/20141025152200_create_posts.rb,ruby,1702059840000
VSCode,Linux 5.10,02-Migrations [WSL: Ubuntu],db/migrate/20141025152200_create_posts.rb,ruby,1702059900000
VSCode,Linux 5.10,02-Migrations [WSL: Ubuntu],db/migrate/20141025152200_create_posts.rb,ruby,1702059960000
VSCode,Linux 5.10,02-Migrations [WSL: Ubuntu],db/migrate/20141025152200_create_posts.rb,ruby,1702060020000
VSCode,Linux 5.10,02-Migrations [WSL: Ubuntu],db/migrate/20141025152200_create_posts.rb,ruby,1702060080000
VSCode,Linux 5.10,02-Migrations [WSL: Ubuntu],db/migrate/20141025152200_create_posts.rb,ruby,1702060140000
VSCode,Linux 5.10,02-Migrations [WSL: Ubuntu],db/migrate/20141025152200_create_posts.rb,ruby,1702060200000
VSCode,Linux 5.10,02-Migrations [WSL: Ubuntu],db/migrate/20141025152200_create_posts.rb,ruby,1702060260000
VSCode,Linux 5.10,02-Migrations [WSL: Ubuntu],db/migrate/20141025152200_create_posts.rb,ruby,1702060320000
VSCode,Linux 5.10,02-Migrations [WSL: Ubuntu],db/migrate/20141025152200_create_posts.rb,ruby,1702060380000
VSCode,Linux 5.10,02-Migrations [WSL: Ubuntu],db/migrate/20141025152200_create_posts.rb,ruby,1702060440000
VSCode,Linux 5.10,02-Migrations [WSL: Ubuntu],db/migrate/20141025152200_create_posts.rb,ruby,1702060500000
VSCode,Linux 5.10,02-Migrations [WSL: Ubuntu],db/migrate/20141025152200_create_posts.rb,ruby,1702060560000
VSCode,Linux 5.10,02-Migrations [WSL: Ubuntu],db/migrate/20231208183520_add_votes.rb,ruby,1702060620000
VSCode,Linux 5.10,02-Migrations [WSL: Ubuntu],db/migrate/20231208183520_add_votes.rb,ruby,1702060680000
VSCode,Linux 5.10,02-Migrations [WSL: Ubuntu],db/migrate/20231208183520_add_votes.rb,ruby,1702060740000
VSCode,Linux 5.10,03-Models [WSL: Ubuntu],db/migrate/20141025152200_create_posts.rb,ruby,1702060980000
VSCode,Linux 5.10,03-Models [WSL: Ubuntu],db/migrate/20141025152200_create_posts.rb,ruby,1702061040000
VSCode,Linux 5.10,03-Models [WSL: Ubuntu],app/models/post.rb,ruby,1702061100000
VSCode,Linux 5.10,03-Models [WSL: Ubuntu],app/models/post.rb,ruby,1702061160000
VSCode,Linux 5.10,03-Models [WSL: Ubuntu],app/views/posts_view.rb,ruby,1702061220000
VSCode,Linux 5.10,03-Models [WSL: Ubuntu],app/controllers/posts_controller.rb,ruby,1702061280000
VSCode,Linux 5.10,03-Models [WSL: Ubuntu],app/controllers/posts_controller.rb,ruby,1702061340000
VSCode,Linux 5.10,03-Models [WSL: Ubuntu],app/controllers/posts_controller.rb,ruby,1702061400000
VSCode,Linux 5.10,03-Models [WSL: Ubuntu],db/migrate/20141025152200_create_posts.rb,ruby,1702061460000
VSCode,Linux 5.10,03-Models [WSL: Ubuntu],app/controllers/posts_controller.rb,ruby,1702061520000
VSCode,Linux 5.10,03-Models [WSL: Ubuntu],app/controllers/posts_controller.rb,ruby,1702061580000
VSCode,Linux 5.10,03-Models [WSL: Ubuntu],app/controllers/posts_controller.rb,ruby,1702061640000
VSCode,Linux 5.10,03-Models [WSL: Ubuntu],app/controllers/posts_controller.rb,ruby,1702061700000
VSCode,Linux 5.10,03-Models [WSL: Ubuntu],app/controllers/posts_controller.rb,ruby,1702061760000
VSCode,Linux 5.10,03-Models [WSL: Ubuntu],app/controllers/posts_controller.rb,ruby,1702061820000
VSCode,Linux 5.10,03-Models [WSL: Ubuntu],app/controllers/posts_controller.rb,ruby,1702061880000
VSCode,Linux 5.10,03-Models [WSL: Ubuntu],app/controllers/posts_controller.rb,ruby,1702061940000
VSCode,Linux 5.10,03-Models [WSL: Ubuntu],app/views/posts_view.rb,ruby,1702062000000
VSCode,Linux 5.10,03-Models [WSL: Ubuntu],app/views/posts_view.rb,ruby,1702062060000
VSCode,Linux 5.10,03-Models [WSL: Ubuntu],app/controllers/posts_controller.rb,ruby,1702062120000
VSCode,Linux 5.10,03-Models [WSL: Ubuntu],app/controllers/posts_controller.rb,ruby,1702062180000
VSCode,Linux 5.10,03-Models [WSL: Ubuntu],app/controllers/posts_controller.rb,ruby,1702062240000
VSCode,Linux 5.10,03-Models [WSL: Ubuntu],app/controllers/posts_controller.rb,ruby,1702062300000
VSCode,Linux 5.10,03-Models [WSL: Ubuntu],app/controllers/posts_controller.rb,ruby,1702062360000
VSCode,Linux 5.10,03-Models [WSL: Ubuntu],app/controllers/posts_controller.rb,ruby,1702062420000
VSCode,Linux 5.10,04-Seed-Faker [WSL: Ubuntu],db/seeds.rb,ruby,1702062540000
VSCode,Linux 5.10,04-Seed-Faker [WSL: Ubuntu],db/seeds.rb,ruby,1702062600000
VSCode,Linux 5.10,04-Seed-Faker [WSL: Ubuntu],db/seeds.rb,ruby,1702062660000
VSCode,Linux 5.10,04-Seed-Faker [WSL: Ubuntu],db/seeds.rb,ruby,1702062780000
VSCode,Linux 5.10,04-Seed-Faker [WSL: Ubuntu],db/seeds.rb,ruby,1702062840000
VSCode,Linux 5.10,04-Seed-Faker [WSL: Ubuntu],db/seeds.rb,ruby,1702062900000
VSCode,Linux 5.10,04-Seed-Faker [WSL: Ubuntu],db/seeds.rb,ruby,1702062960000
VSCode,Linux 5.10,04-Seed-Faker [WSL: Ubuntu],db/seeds.rb,ruby,1702063020000
VSCode,Linux 5.10,04-Seed-Faker [WSL: Ubuntu],db/seeds.rb,ruby,1702063080000
VSCode,Linux 5.10,01-Associations [WSL: Ubuntu],app/models/post.rb,ruby,1702063320000
VSCode,Linux 5.10,01-Associations [WSL: Ubuntu],db/migrate/20141025152200_create_posts.rb,ruby,1702064340000
VSCode,Linux 5.10,01-Associations [WSL: Ubuntu],db/migrate/20141025152200_create_posts.rb,ruby,1702064400000
VSCode,Linux 5.10,01-Associations [WSL: Ubuntu],db/migrate/20141025152200_create_posts.rb,ruby,1702064520000
VSCode,Linux 5.10,01-Associations [WSL: Ubuntu],db/migrate/20141025152200_create_posts.rb,ruby,1702064640000
VSCode,Linux 5.10,01-Associations [WSL: Ubuntu],db/migrate/20231208194526_create_users.rb,ruby,1702064700000
VSCode,Linux 5.10,01-Associations [WSL: Ubuntu],db/migrate/20231208194526_create_users.rb,ruby,1702064760000
VSCode,Linux 5.10,01-Associations [WSL: Ubuntu],db/migrate/20231208194526_create_users.rb,ruby,1702064820000
VSCode,Linux 5.10,01-Associations [WSL: Ubuntu],app/models/user.rb,ruby,1702064880000
VSCode,Linux 5.10,01-Associations [WSL: Ubuntu],app/models/user.rb,ruby,1702064940000
VSCode,Linux 5.10,01-Associations [WSL: Ubuntu],app/models/post.rb,ruby,1702065000000
VSCode,Linux 5.10,01-Associations [WSL: Ubuntu],app/models/post.rb,ruby,1702065060000
VSCode,Linux 5.10,01-Associations [WSL: Ubuntu],db/migrate/20231208195452_join_users_to_posts.rb,ruby,1702065300000
VSCode,Linux 5.10,01-Associations [WSL: Ubuntu],app/models/post.rb,ruby,1702065120000
VSCode,Linux 5.10,01-Associations [WSL: Ubuntu],app/models/post.rb,ruby,1702065180000
VSCode,Linux 5.10,01-Associations [WSL: Ubuntu],db/migrate/20231208194526_create_users.rb,ruby,1702065240000
VSCode,Linux 5.10,01-Associations [WSL: Ubuntu],db/seeds.rb,ruby,1702065360000
VSCode,Linux 5.10,01-Associations [WSL: Ubuntu],db/seeds.rb,ruby,1702065420000
VSCode,Linux 5.10,01-Associations [WSL: Ubuntu],db/seeds.rb,ruby,1702065480000
VSCode,Linux 5.10,01-Associations [WSL: Ubuntu],db/seeds.rb,ruby,1702065540000
VSCode,Linux 5.10,01-Associations [WSL: Ubuntu],db/seeds.rb,ruby,1702065600000
VSCode,Linux 5.10,01-Associations [WSL: Ubuntu],db/seeds.rb,ruby,1702065660000
VSCode,Linux 5.10,01-Associations [WSL: Ubuntu],db/seeds.rb,ruby,1702065720000
VSCode,Linux 5.10,01-Associations [WSL: Ubuntu],db/seeds.rb,ruby,1702065780000
VSCode,Linux 5.10,01-Associations [WSL: Ubuntu],db/seeds.rb,ruby,1702065840000
VSCode,Linux 5.10,01-Associations [WSL: Ubuntu],config/database.yml,yaml,1702065900000
VSCode,Linux 5.10,02-Validations [WSL: Ubuntu],app/models/user.rb,ruby,1702071660000
VSCode,Linux 5.10,02-Validations [WSL: Ubuntu],app/models/user.rb,ruby,1702071720000
VSCode,Linux 5.10,02-Validations [WSL: Ubuntu],app/models/user.rb,ruby,1702071780000
VSCode,Linux 5.10,02-Validations [WSL: Ubuntu],app/models/user.rb,ruby,1702071840000
VSCode,Linux 5.10,02-Validations [WSL: Ubuntu],app/models/user.rb,ruby,1702071900000
VSCode,Linux 5.10,02-Validations [WSL: Ubuntu],app/models/user.rb,ruby,1702071960000
VSCode,Linux 5.10,02-Validations [WSL: Ubuntu],app/models/user.rb,ruby,1702072020000
VSCode,Linux 5.10,02-Validations [WSL: Ubuntu],app/models/user.rb,ruby,1702072080000
VSCode,Linux 5.10,02-Validations [WSL: Ubuntu],app/models/user.rb,ruby,1702072140000
VSCode,Linux 5.10,02-Validations [WSL: Ubuntu],app/models/user.rb,ruby,1702072200000
VSCode,Linux 5.10,02-Validations [WSL: Ubuntu],app/models/user.rb,ruby,1702072260000
VSCode,Linux 5.10,02-Validations [WSL: Ubuntu],app/models/user.rb,ruby,1702072320000
VSCode,Linux 5.10,02-Validations [WSL: Ubuntu],app/models/user.rb,ruby,1702072380000
VSCode,Linux 5.10,02-Validations [WSL: Ubuntu],[other workspace],ruby,1702072440000
VSCode,Linux 5.10,02-Validations [WSL: Ubuntu],[other workspace],ruby,1702072500000
VSCode,Linux 5.10,02-Validations [WSL: Ubuntu],[other workspace],ruby,1702072620000
VSCode,Linux 5.10,02-Validations [WSL: Ubuntu],app/models/post.rb,ruby,1702072680000
VSCode,Linux 5.10,02-Validations [WSL: Ubuntu],app/models/post.rb,ruby,1702072740000
VSCode,Linux 5.10,02-Validations [WSL: Ubuntu],app/models/post.rb,ruby,1702072800000
VSCode,Linux 5.10,02-Validations [WSL: Ubuntu],app/models/post.rb,ruby,1702072860000
VSCode,Linux 5.10,02-Validations [WSL: Ubuntu],app/models/post.rb,ruby,1702072920000
VSCode,Linux 5.10,02-Validations [WSL: Ubuntu],app/models/post.rb,ruby,1702072980000
VSCode,Linux 5.10,02-Validations [WSL: Ubuntu],app/models/post.rb,ruby,1702073040000
VSCode,Linux 5.10,02-Validations [WSL: Ubuntu],app/models/post.rb,ruby,1702073100000
VSCode,Linux 5.10,02-Validations [WSL: Ubuntu],app/models/user.rb,ruby,1702073160000
VSCode,Linux 5.10,02-Validations [WSL: Ubuntu],app/models/user.rb,ruby,1702073220000
VSCode,Linux 5.10,02-Validations [WSL: Ubuntu],app/models/user.rb,ruby,1702073280000
VSCode,Linux 5.10,02-Validations [WSL: Ubuntu],app/models/post.rb,ruby,1702073340000
VSCode,Linux 5.10,02-Validations [WSL: Ubuntu],app/models/post.rb,ruby,1702073400000
VSCode,Linux 5.10,04-ActiveRecord-Advanced [WSL: Ubuntu],03-Sinatra/app/models/user copy.rb,ruby,1702073580000
VSCode,Linux 5.10,04-ActiveRecord-Advanced [WSL: Ubuntu],03-Sinatra/app/models/user.rb,ruby,1702073640000
VSCode,Linux 5.10,04-ActiveRecord-Advanced [WSL: Ubuntu],03-Sinatra/lib/app.rb,ruby,1702073700000
VSCode,Linux 5.10,03-Sinatra [WSL: Ubuntu],app/views/layout.erb,erb,1702073760000
VSCode,Linux 5.10,03-Sinatra [WSL: Ubuntu],lib/app.rb,ruby,1702073820000
VSCode,Linux 5.10,03-Sinatra [WSL: Ubuntu],app/views/posts.erb,erb,1702073880000
VSCode,Linux 5.10,03-Sinatra [WSL: Ubuntu],lib/app.rb,ruby,1702073940000
VSCode,Linux 5.10,03-Sinatra [WSL: Ubuntu],app/views/posts.erb,erb,1702074000000
VSCode,Linux 5.10,03-Sinatra [WSL: Ubuntu],db/seeds.rb,ruby,1702074060000
VSCode,Linux 5.10,03-Sinatra [WSL: Ubuntu],app/models/user.rb,ruby,1702074120000
VSCode,Linux 5.10,03-Sinatra [WSL: Ubuntu],app/views/posts.erb,erb,1702074180000
VSCode,Linux 5.10,03-Sinatra [WSL: Ubuntu],app/views/posts.erb,erb,1702074240000
VSCode,Linux 5.10,03-Sinatra [WSL: Ubuntu],app/views/posts.erb,erb,1702074300000
VSCode,Linux 5.10,03-Sinatra [WSL: Ubuntu],app/views/posts.erb,erb,1702074360000
VSCode,Linux 5.10,03-Sinatra [WSL: Ubuntu],app/views/posts.erb,erb,1702074480000
VSCode,Linux 5.10,03-Sinatra [WSL: Ubuntu],app/views/posts.erb,erb,1702074420000
VSCode,Linux 5.10,03-Sinatra [WSL: Ubuntu],app/views/posts.erb,erb,1702074540000
VSCode,Linux 5.10,03-Sinatra [WSL: Ubuntu],app/views/posts.erb,erb,1702074600000
VSCode,Linux 5.10,03-Sinatra [WSL: Ubuntu],app/views/posts.erb,erb,1702074660000
VSCode,Linux 5.10,03-Sinatra [WSL: Ubuntu],app/views/posts.erb,erb,1702074720000
VSCode,Linux 5.10,03-Sinatra [WSL: Ubuntu],app/views/posts.erb,erb,1702074780000
VSCode,Linux 5.10,03-Sinatra [WSL: Ubuntu],app/views/posts.erb,erb,1702074840000
VSCode,Linux 5.10,03-Sinatra [WSL: Ubuntu],app/views/posts.erb,erb,1702075020000
VSCode,Linux 5.10,03-Sinatra [WSL: Ubuntu],app/views/posts.erb,erb,1702074900000
VSCode,Linux 5.10,03-Sinatra [WSL: Ubuntu],app/views/posts.erb,erb,1702074960000
VSCode,Linux 5.10,03-Sinatra [WSL: Ubuntu],app/views/posts.erb,erb,1702075080000
VSCode,Linux 5.10,03-Sinatra [WSL: Ubuntu],app/views/posts.erb,erb,1702075140000
VSCode,Linux 5.10,03-Sinatra [WSL: Ubuntu],app/views/posts.erb,erb,1702075200000
VSCode,Linux 5.10,03-Sinatra [WSL: Ubuntu],app/views/posts.erb,erb,1702075260000
VSCode,Linux 5.10,03-Sinatra [WSL: Ubuntu],app/views/posts.erb,erb,1702075320000
VSCode,Linux 5.10,03-Sinatra [WSL: Ubuntu],app/views/posts.erb,erb,1702075380000
VSCode,Linux 5.10,03-Sinatra [WSL: Ubuntu],app/views/posts.erb,erb,1702075440000
VSCode,Linux 5.10,03-Sinatra [WSL: Ubuntu],app/views/posts.erb,erb,1702075500000
VSCode,Linux 5.10,03-Sinatra [WSL: Ubuntu],app/views/posts.erb,erb,1702075620000
VSCode,Linux 5.10,03-Sinatra [WSL: Ubuntu],app/views/posts.erb,erb,1702075560000
VSCode,Linux 5.10,03-Sinatra [WSL: Ubuntu],app/views/posts.erb,erb,1702075680000
VSCode,Linux 5.10,03-Sinatra [WSL: Ubuntu],app/views/posts.erb,erb,1702075740000
VSCode,Linux 5.10,03-Sinatra [WSL: Ubuntu],app/views/posts.erb,erb,1702075800000
VSCode,Linux 5.10,03-Sinatra [WSL: Ubuntu],app/views/posts.erb,erb,1702075860000
VSCode,Linux 5.10,03-Sinatra [WSL: Ubuntu],app/views/posts.erb,erb,1702075920000
VSCode,Linux 5.10,03-Sinatra [WSL: Ubuntu],app/views/posts.erb,erb,1702075980000
VSCode,Linux 5.10,03-Sinatra [WSL: Ubuntu],app/views/posts.erb,erb,1702076040000
VSCode,Linux 5.10,03-Sinatra [WSL: Ubuntu],app/views/posts.erb,erb,1702076100000
VSCode,Linux 5.10,03-Sinatra [WSL: Ubuntu],app/views/post.erb,erb,1702076160000
VSCode,Linux 5.10,03-Sinatra [WSL: Ubuntu],app/views/post.erb,erb,1702076220000
VSCode,Linux 5.10,03-Sinatra [WSL: Ubuntu],app/views/post.erb,erb,1702076280000
VSCode,Linux 5.10,03-Sinatra [WSL: Ubuntu],app/views/post.erb,erb,1702076340000
VSCode,Linux 5.10,03-Sinatra [WSL: Ubuntu],app/views/post.erb,erb,1702076400000
VSCode,Linux 5.10,03-Sinatra [WSL: Ubuntu],app/views/post.erb,erb,1702076460000
VSCode,Linux 5.10,03-Sinatra [WSL: Ubuntu],app/views/post.erb,erb,1702076520000
VSCode,Linux 5.10,03-Sinatra [WSL: Ubuntu],app/views/post.erb,erb,1702076580000
VSCode,Linux 5.10,03-Sinatra [WSL: Ubuntu],app/views/post.erb,erb,1702076640000
VSCode,Linux 5.10,03-Sinatra [WSL: Ubuntu],app/views/post.erb,erb,1702076700000
VSCode,Linux 5.10,03-Sinatra [WSL: Ubuntu],app/views/post.erb,erb,1702076760000
VSCode,Linux 5.10,03-Sinatra [WSL: Ubuntu],app/views/post.erb,erb,1702076820000
VSCode,Linux 5.10,03-Sinatra [WSL: Ubuntu],app/views/user.erb,erb,1702076880000
VSCode,Linux 5.10,03-Sinatra [WSL: Ubuntu],app/views/user.erb,erb,1702076940000
VSCode,Linux 5.10,03-Sinatra [WSL: Ubuntu],app/views/post.erb,erb,1702077000000
VSCode,Linux 5.10,03-Sinatra [WSL: Ubuntu],app/views/user.erb,erb,1702077060000
VSCode,Linux 5.10,03-Sinatra [WSL: Ubuntu],app/views/user.erb,erb,1702077300000
VSCode,Linux 5.10,03-Sinatra [WSL: Ubuntu],app/views/user.erb,erb,1702077120000
VSCode,Linux 5.10,03-Sinatra [WSL: Ubuntu],app/views/user.erb,erb,1702077180000
VSCode,Linux 5.10,03-Sinatra [WSL: Ubuntu],app/views/user.erb,erb,1702077240000
VSCode,Linux 5.10,03-Sinatra [WSL: Ubuntu],app/views/user.erb,erb,1702077360000
VSCode,Linux 5.10,03-Sinatra [WSL: Ubuntu],app/views/user.erb,erb,1702077420000
VSCode,Linux 5.10,03-Sinatra [WSL: Ubuntu],app/views/user.erb,erb,1702077480000
VSCode,Linux 5.10,03-Sinatra [WSL: Ubuntu],app/views/user.erb,erb,1702077540000
VSCode,Linux 5.10,03-Sinatra [WSL: Ubuntu],db/seeds.rb,ruby,1702077720000
VSCode,Linux 5.10,03-Sinatra [WSL: Ubuntu],app/views/user.erb,erb,1702077600000
VSCode,Linux 5.10,03-Sinatra [WSL: Ubuntu],app/views/user.erb,erb,1702077660000
VSCode,Linux 5.10,03-Sinatra [WSL: Ubuntu],db/seeds.rb,ruby,1702077780000
VSCode,Linux 5.10,04-ActiveRecord-Advanced [WSL: Ubuntu],03-Sinatra/lib/app.rb,ruby,1702077840000
VSCode,Linux 5.10,04-ActiveRecord-Advanced [WSL: Ubuntu],03-Sinatra/db/seeds.rb,ruby,1702077900000
VSCode,Linux 5.10,04-ActiveRecord-Advanced [WSL: Ubuntu],03-Sinatra/db/seeds.rb,ruby,1702077960000
VSCode,Linux 5.10,04-ActiveRecord-Advanced [WSL: Ubuntu],03-Sinatra/db/seeds.rb,ruby,1702078020000
VSCode,Linux 5.10,04-ActiveRecord-Advanced [WSL: Ubuntu],03-Sinatra/db/seeds.rb,ruby,1702078080000
VSCode,Linux 5.10,04-ActiveRecord-Advanced [WSL: Ubuntu],03-Sinatra/db/seeds.rb,ruby,1702078140000
VSCode,Linux 5.10,04-ActiveRecord-Advanced [WSL: Ubuntu],03-Sinatra/app/views/posts.erb,erb,1702078200000
VSCode,Linux 5.10,03-Sinatra [WSL: Ubuntu],app/views/user.erb,erb,1702078260000
VSCode,Linux 5.10,03-Sinatra [WSL: Ubuntu],app/views/user.erb,erb,1702078320000
VSCode,Linux 5.10,03-Sinatra [WSL: Ubuntu],app/views/user.erb,erb,1702078380000
VSCode,Linux 5.10,03-Sinatra [WSL: Ubuntu],app/views/user.erb,erb,1702078440000
VSCode,Linux 5.10,03-Sinatra [WSL: Ubuntu],app/views/user.erb,erb,1702078500000
VSCode,Linux 5.10,03-Sinatra [WSL: Ubuntu],app/views/user.erb,erb,1702078560000
VSCode,Linux 5.10,03-Sinatra [WSL: Ubuntu],app/views/user.erb,erb,1702078620000
VSCode,Linux 5.10,03-Sinatra [WSL: Ubuntu],app/views/user.erb,erb,1702078680000
VSCode,Linux 5.10,03-Sinatra [WSL: Ubuntu],app/views/posts.erb,erb,1702078740000
VSCode,Linux 5.10,03-Sinatra [WSL: Ubuntu],lib/app.rb,ruby,1702078800000
VSCode,Linux 5.10,03-Sinatra [WSL: Ubuntu],lib/app.rb,ruby,1702078860000
VSCode,Linux 5.10,03-Sinatra [WSL: Ubuntu],app/views/posts.erb,erb,1702078920000
VSCode,Linux 5.10,03-Sinatra [WSL: Ubuntu],lib/app.rb,ruby,1702079160000
VSCode,Linux 5.10,03-Sinatra [WSL: Ubuntu],app/views/posts.erb,erb,1702078980000
VSCode,Linux 5.10,03-Sinatra [WSL: Ubuntu],lib/app.rb,ruby,1702079040000
VSCode,Linux 5.10,03-Sinatra [WSL: Ubuntu],lib/app.rb,ruby,1702079100000
VSCode,Linux 5.10,03-Sinatra [WSL: Ubuntu],lib/app.rb,ruby,1702079220000
VSCode,Linux 5.10,04-ActiveRecord-Advanced [WSL: Ubuntu],01-Associations/db/seeds.rb,ruby,1702118640000
VSCode,Linux 5.10,04-ActiveRecord-Advanced [WSL: Ubuntu],01-Associations/db/migrate/20231208195452_join_users_to_posts.rb,ruby,1702118700000
VSCode,Linux 5.10,04-ActiveRecord-Advanced [WSL: Ubuntu],03-Sinatra/app/views/layout.erb,erb,1702118760000
VSCode,Linux 5.10,04-ActiveRecord-Advanced [WSL: Ubuntu],03-Sinatra/app/views/layout.erb,erb,1702118820000
VSCode,Linux 5.10,04-ActiveRecord-Advanced [WSL: Ubuntu],03-Sinatra/app/views/layout.erb,erb,1702119000000
VSCode,Linux 5.10,04-ActiveRecord-Advanced [WSL: Ubuntu],03-Sinatra/app/views/layout.erb,erb,1702119060000
VSCode,Linux 5.10,04-ActiveRecord-Advanced [WSL: Ubuntu],03-Sinatra/app/views/layout.erb,erb,1702119120000
VSCode,Linux 5.10,wellness-logging [WSL: Ubuntu],lib/controllers/main_controller.py,python,1702119180000
VSCode,Linux 5.10,wellness-logging [WSL: Ubuntu],lib/controllers/main_controller.py,python,1702119240000
VSCode,Linux 5.10,04-ActiveRecord-Advanced [WSL: Ubuntu],01-Associations/db/seeds.rb,ruby,1702119420000
VSCode,Linux 5.10,04-ActiveRecord-Advanced [WSL: Ubuntu],01-Associations/db/seeds.rb,ruby,1702119480000
VSCode,Linux 5.10,04-ActiveRecord-Advanced [WSL: Ubuntu],01-Associations/db/seeds.rb,ruby,1702119660000
VSCode,Linux 5.10,04-ActiveRecord-Advanced [WSL: Ubuntu],01-Associations/db/seeds.rb,ruby,1702119720000
VSCode,Linux 5.10,04-ActiveRecord-Advanced [WSL: Ubuntu],01-Associations/db/seeds.rb,ruby,1702119780000
VSCode,Linux 5.10,wellness-logging [WSL: Ubuntu],lib/controllers/main_controller.py,python,1702120800000
VSCode,Linux 5.10,wellness-logging [WSL: Ubuntu],lib/controllers/main_controller.py,python,1702120860000
VSCode,Linux 5.10,wellness-logging [WSL: Ubuntu],lib/controllers/main_controller.py,python,1702121100000
VSCode,Linux 5.10,wellness-logging [WSL: Ubuntu],lib/controllers/main_controller.py,python,1702121220000
VSCode,Linux 5.10,wellness-logging [WSL: Ubuntu],lib/controllers/main_controller.py,python,1702121280000
VSCode,Linux 5.10,wellness-logging [WSL: Ubuntu],lib/controllers/main_controller.py,python,1702121340000
VSCode,Linux 5.10,04-ActiveRecord-Advanced [WSL: Ubuntu],01-Associations/db/seeds.rb,ruby,1702121400000
VSCode,Linux 5.10,04-ActiveRecord-Advanced [WSL: Ubuntu],01-Associations/db/migrate/20231208194526_create_users.rb,ruby,1702121460000
VSCode,Linux 5.10,04-ActiveRecord-Advanced [WSL: Ubuntu],01-Associations/db/migrate/20231208194526_create_users.rb,ruby,1702121700000
VSCode,Linux 5.10,04-ActiveRecord-Advanced [WSL: Ubuntu],01-Associations/db/migrate/20231208194526_create_users.rb,ruby,1702121760000
VSCode,Linux 5.10,04-ActiveRecord-Advanced [WSL: Ubuntu],01-Associations/db/migrate/20231208194526_create_users.rb,ruby,1702121820000
VSCode,Linux 5.10,04-ActiveRecord-Advanced [WSL: Ubuntu],01-Associations/db/migrate/20231208194526_create_users.rb,ruby,1702121880000
VSCode,Linux 5.10,04-ActiveRecord-Advanced [WSL: Ubuntu],01-Associations/db/migrate/20231208195452_join_users_to_posts.rb,ruby,1702121940000
VSCode,Linux 5.10,04-ActiveRecord-Advanced [WSL: Ubuntu],01-Associations/db/migrate/20231208195452_join_users_to_posts.rb,ruby,1702122000000
VSCode,Linux 5.10,04-ActiveRecord-Advanced [WSL: Ubuntu],01-Associations/db/migrate/20231208195452_join_users_to_posts.rb,ruby,1702122060000
VSCode,Linux 5.10,04-ActiveRecord-Advanced [WSL: Ubuntu],01-Associations/app/models/user.rb,ruby,1702122120000
VSCode,Linux 5.10,04-ActiveRecord-Advanced [WSL: Ubuntu],01-Associations/db/migrate/20231208195452_join_users_to_posts.rb,ruby,1702122180000
VSCode,Linux 5.10,04-ActiveRecord-Advanced [WSL: Ubuntu],01-Associations/db/schema.rb,ruby,1702122240000
VSCode,Linux 5.10,04-ActiveRecord-Advanced [WSL: Ubuntu],01-Associations/db/schema.rb,ruby,1702122300000
VSCode,Linux 5.10,04-ActiveRecord-Advanced [WSL: Ubuntu],01-Associations/db/schema.rb,ruby,1702122360000
VSCode,Linux 5.10,04-ActiveRecord-Advanced [WSL: Ubuntu],01-Associations/db/schema.rb,ruby,1702122420000
VSCode,Linux 5.10,wellness-logging [WSL: Ubuntu],lib/controllers/main_controller.py,python,1702122480000
VSCode,Linux 5.10,wellness-logging [WSL: Ubuntu],lib/controllers/main_controller.py,python,1702122540000
VSCode,Linux 5.10,04-ActiveRecord-Advanced [WSL: Ubuntu],01-Associations/app/models/post.rb,ruby,1702122600000
VSCode,Linux 5.10,04-ActiveRecord-Advanced [WSL: Ubuntu],01-Associations/spec/models/user_spec.rb,ruby,1702122660000
VSCode,Linux 5.10,wellness-logging [WSL: Ubuntu],lib/controllers/main_controller.py,python,1702122720000
VSCode,Linux 5.10,04-ActiveRecord-Advanced [WSL: Ubuntu],03-Sinatra/app/views/layout.erb,erb,1702122780000
VSCode,Linux 5.10,wellness-logging [WSL: Ubuntu],lib/controllers/main_controller.py,python,1702123620000
VSCode,Linux 5.10,wellness-logging [WSL: Ubuntu],lib/visualization/plotter.py,python,1702123680000
VSCode,Linux 5.10,wellness-logging [WSL: Ubuntu],lib/visualization/plotter.py,python,1702123740000
VSCode,Linux 5.10,wellness-logging [WSL: Ubuntu],lib/controllers/main_controller.py,python,1702123800000
VSCode,Linux 5.10,wellness-logging [WSL: Ubuntu],lib/controllers/main_controller.py,python,1702123860000
VSCode,Linux 5.10,wellness-logging [WSL: Ubuntu],lib/visualization/plotter.py,python,1702123920000
VSCode,Linux 5.10,wellness-logging [WSL: Ubuntu],lib/visualization/plotter.py,python,1702123980000
VSCode,Linux 5.10,wellness-logging [WSL: Ubuntu],lib/controllers/main_controller.py,python,1702124040000
VSCode,Linux 5.10,wellness-logging [WSL: Ubuntu],lib/visualization/plotter.py,python,1702124100000
VSCode,Linux 5.10,wellness-logging [WSL: Ubuntu],lib/visualization/plotter.py,python,1702124160000
VSCode,Linux 5.10,wellness-logging [WSL: Ubuntu],lib/visualization/plotter.py,python,1702124220000
VSCode,Linux 5.10,wellness-logging [WSL: Ubuntu],lib/visualization/plotter.py,python,1702124280000
VSCode,Linux 5.10,wellness-logging [WSL: Ubuntu],lib/visualization/plotter.py,python,1702124340000
VSCode,Linux 5.10,wellness-logging [WSL: Ubuntu],lib/controllers/main_controller.py,python,1702124400000
VSCode,Linux 5.10,wellness-logging [WSL: Ubuntu],lib/visualization/plotter.py,python,1702124460000
VSCode,Linux 5.10,wellness-logging [WSL: Ubuntu],lib/visualization/plotter.py,python,1702124520000
VSCode,Linux 5.10,wellness-logging [WSL: Ubuntu],lib/visualization/plotter.py,python,1702124580000
VSCode,Linux 5.10,wellness-logging [WSL: Ubuntu],lib/visualization/plotter.py,python,1702124640000
VSCode,Linux 5.10,wellness-logging [WSL: Ubuntu],lib/visualization/plotter.py,python,1702124700000
VSCode,Linux 5.10,wellness-logging [WSL: Ubuntu],lib/visualization/plotter.py,python,1702124880000
VSCode,Linux 5.10,wellness-logging [WSL: Ubuntu],lib/visualization/plotter.py,python,1702124940000
VSCode,Linux 5.10,wellness-logging [WSL: Ubuntu],lib/visualization/plotter.py,python,1702125000000
VSCode,Linux 5.10,wellness-logging [WSL: Ubuntu],lib/visualization/plotter.py,python,1702125120000
VSCode,Linux 5.10,wellness-logging [WSL: Ubuntu],lib/visualization/plotter.py,python,1702125180000
VSCode,Linux 5.10,wellness-logging [WSL: Ubuntu],lib/visualization/plotter.py,python,1702125240000
VSCode,Linux 5.10,wellness-logging [WSL: Ubuntu],lib/visualization/plotter.py,python,1702125300000
VSCode,Linux 5.10,wellness-logging [WSL: Ubuntu],lib/visualization/plotter.py,python,1702125360000
VSCode,Linux 5.10,wellness-logging [WSL: Ubuntu],lib/visualization/plotter.py,python,1702125420000
VSCode,Linux 5.10,wellness-logging [WSL: Ubuntu],lib/visualization/plotter.py,python,1702125480000
VSCode,Linux 5.10,wellness-logging [WSL: Ubuntu],lib/visualization/plotter.py,python,1702125540000
VSCode,Linux 5.10,wellness-logging [WSL: Ubuntu],lib/visualization/plotter.py,python,1702125600000
VSCode,Linux 5.10,wellness-logging [WSL: Ubuntu],lib/visualization/plotter.py,python,1702125660000
VSCode,Linux 5.10,wellness-logging [WSL: Ubuntu],lib/visualization/plotter.py,python,1702125720000
VSCode,Linux 5.10,wellness-logging [WSL: Ubuntu],lib/visualization/plotter.py,python,1702125900000
VSCode,Linux 5.10,wellness-logging [WSL: Ubuntu],lib/visualization/plotter.py,python,1702125960000
VSCode,Linux 5.10,wellness-logging [WSL: Ubuntu],lib/visualization/plotter.py,python,1702126020000
VSCode,Linux 5.10,wellness-logging [WSL: Ubuntu],lib/visualization/plotter.py,python,1702126080000
VSCode,Linux 5.10,wellness-logging [WSL: Ubuntu],lib/visualization/plotter.py,python,1702126140000
VSCode,Linux 5.10,wellness-logging [WSL: Ubuntu],lib/visualization/plotter.py,python,1702126200000
VSCode,Linux 5.10,wellness-logging [WSL: Ubuntu],lib/controllers/main_controller.py,python,1702126260000
VSCode,Linux 5.10,wellness-logging [WSL: Ubuntu],lib/controllers/main_controller.py,python,1702126320000
VSCode,Linux 5.10,wellness-logging [WSL: Ubuntu],lib/controllers/main_controller.py,python,1702126380000
VSCode,Linux 5.10,wellness-logging [WSL: Ubuntu],lib/controllers/main_controller.py,python,1702126440000
VSCode,Linux 5.10,wellness-logging [WSL: Ubuntu],lib/controllers/main_controller.py,python,1702126500000
VSCode,Linux 5.10,wellness-logging [WSL: Ubuntu],lib/controllers/main_controller.py,python,1702126560000
VSCode,Linux 5.10,wellness-logging [WSL: Ubuntu],lib/controllers/main_controller.py,python,1702126620000
VSCode,Linux 5.10,wellness-logging [WSL: Ubuntu],lib/controllers/main_controller.py,python,1702126680000
VSCode,Linux 5.10,wellness-logging [WSL: Ubuntu],lib/controllers/main_controller.py,python,1702126740000
VSCode,Linux 5.10,wellness-logging [WSL: Ubuntu],lib/controllers/main_controller.py,python,1702126800000
VSCode,Linux 5.10,04-ActiveRecord-Advanced [WSL: Ubuntu],03-Sinatra/app/views/layout.erb,erb,1702126860000
VSCode,Linux 5.10,wellness-logging [WSL: Ubuntu],lib/controllers/main_controller.py,python,1702126920000
VSCode,Linux 5.10,wellness-logging [WSL: Ubuntu],lib/controllers/main_controller.py,python,1702126980000
VSCode,Linux 5.10,wellness-logging [WSL: Ubuntu],lib/controllers/main_controller.py,python,1702127040000
VSCode,Linux 5.10,wellness-logging [WSL: Ubuntu],lib/controllers/main_controller.py,python,1702127100000
VSCode,Linux 5.10,wellness-logging [WSL: Ubuntu],lib/controllers/main_controller.py,python,1702127340000
VSCode,Linux 5.10,wellness-logging [WSL: Ubuntu],lib/controllers/main_controller.py,python,1702127400000
VSCode,Linux 5.10,wellness-logging [WSL: Ubuntu],lib/controllers/main_controller.py,python,1702127460000
VSCode,Linux 5.10,wellness-logging [WSL: Ubuntu],lib/controllers/main_controller.py,python,1702127700000
VSCode,Linux 5.10,04-ActiveRecord-Advanced [WSL: Ubuntu],03-Sinatra/app/models/user.rb,ruby,1702127760000
VSCode,Linux 5.10,04-ActiveRecord-Advanced [WSL: Ubuntu],03-Sinatra/app/models/user.rb,ruby,1702127820000
VSCode,Linux 5.10,04-ActiveRecord-Advanced [WSL: Ubuntu],03-Sinatra/app/models/user.rb,ruby,1702127880000
VSCode,Linux 5.10,wellness-logging [WSL: Ubuntu],lib/controllers/main_controller.py,python,1702127940000
VSCode,Linux 5.10,wellness-logging [WSL: Ubuntu],lib/controllers/main_controller.py,python,1702128000000
VSCode,Linux 5.10,wellness-logging [WSL: Ubuntu],lib/controllers/main_controller.py,python,1702128120000
VSCode,Linux 5.10,wellness-logging [WSL: Ubuntu],lib/controllers/main_controller.py,python,1702128180000
VSCode,Linux 5.10,04-ActiveRecord-Advanced [WSL: Ubuntu],02-Validations/db/migrate/20141025152200_init_world.rb,ruby,1702128240000
VSCode,Linux 5.10,04-ActiveRecord-Advanced [WSL: Ubuntu],03-Sinatra/app/models/user.rb,ruby,1702128300000
VSCode,Linux 5.10,04-ActiveRecord-Advanced [WSL: Ubuntu],03-Sinatra/app/models/user.rb,ruby,1702128360000
VSCode,Linux 5.10,04-ActiveRecord-Advanced [WSL: Ubuntu],03-Sinatra/app/models/user.rb,ruby,1702128420000
VSCode,Linux 5.10,04-ActiveRecord-Advanced [WSL: Ubuntu],02-Validations/app/models/user.rb,ruby,1702128480000
VSCode,Linux 5.10,04-ActiveRecord-Advanced [WSL: Ubuntu],02-Validations/app/models/user.rb,ruby,1702128540000
VSCode,Linux 5.10,04-ActiveRecord-Advanced [WSL: Ubuntu],02-Validations/app/models/user.rb,ruby,1702128660000
VSCode,Linux 5.10,04-ActiveRecord-Advanced [WSL: Ubuntu],02-Validations/spec/models/user_spec.rb,ruby,1702128720000
VSCode,Linux 5.10,04-ActiveRecord-Advanced [WSL: Ubuntu],02-Validations/spec/models/user_spec.rb,ruby,1702128780000
VSCode,Linux 5.10,04-ActiveRecord-Advanced [WSL: Ubuntu],02-Validations/app/models/user.rb,ruby,1702128840000
VSCode,Linux 5.10,wellness-logging [WSL: Ubuntu],lib/controllers/main_controller.py,python,1702128900000
VSCode,Linux 5.10,04-ActiveRecord-Advanced [WSL: Ubuntu],02-Validations/app/models/user.rb,ruby,1702128960000
VSCode,Linux 5.10,04-ActiveRecord-Advanced [WSL: Ubuntu],02-Validations/spec/models/user_spec.rb,ruby,1702129020000
VSCode,Linux 5.10,04-ActiveRecord-Advanced [WSL: Ubuntu],02-Validations/spec/models/user_spec.rb,ruby,1702129080000
VSCode,Linux 5.10,04-ActiveRecord-Advanced [WSL: Ubuntu],02-Validations/spec/models/user_spec.rb,ruby,1702129140000
VSCode,Linux 5.10,04-ActiveRecord-Advanced [WSL: Ubuntu],02-Validations/spec/models/user_spec.rb,ruby,1702129200000
VSCode,Linux 5.10,04-ActiveRecord-Advanced [WSL: Ubuntu],02-Validations/app/models/user.rb,ruby,1702129320000
VSCode,Linux 5.10,04-ActiveRecord-Advanced [WSL: Ubuntu],02-Validations/app/models/user.rb,ruby,1702129380000
VSCode,Linux 5.10,wellness-logging [WSL: Ubuntu],lib/controllers/main_controller.py,python,1702129500000
VSCode,Linux 5.10,04-ActiveRecord-Advanced [WSL: Ubuntu],02-Validations/spec/spec_helper.rb,ruby,1702129560000
VSCode,Linux 5.10,04-ActiveRecord-Advanced [WSL: Ubuntu],02-Validations/spec/spec_helper.rb,ruby,1702129620000
VSCode,Linux 5.10,04-ActiveRecord-Advanced [WSL: Ubuntu],02-Validations/spec/spec_helper.rb,ruby,1702129680000
VSCode,Linux 5.10,wellness-logging [WSL: Ubuntu],lib/controllers/main_controller.py,python,1702129740000
VSCode,Linux 5.10,04-ActiveRecord-Advanced [WSL: Ubuntu],03-Sinatra/app/models/user.rb,ruby,1702130340000
VSCode,Linux 5.10,04-ActiveRecord-Advanced [WSL: Ubuntu],03-Sinatra/app/models/user.rb,ruby,1702130400000
VSCode,Linux 5.10,wellness-logging [WSL: Ubuntu],lib/controllers/main_controller.py,python,1702130520000
VSCode,Linux 5.10,wellness-logging [WSL: Ubuntu],interface.py,python,1702130580000
VSCode,Linux 5.10,wellness-logging [WSL: Ubuntu],lib/controllers/main_controller.py,python,1702130640000
VSCode,Linux 5.10,wellness-logging [WSL: Ubuntu],lib/controllers/main_controller.py,python,1702130700000
VSCode,Linux 5.10,wellness-logging [WSL: Ubuntu],lib/controllers/main_controller.py,python,1702130760000
VSCode,Linux 5.10,wellness-logging [WSL: Ubuntu],lib/controllers/main_controller.py,python,1702130820000
VSCode,Linux 5.10,wellness-logging [WSL: Ubuntu],lib/data_processing/correlation_calculator.py,python,1702130880000
VSCode,Linux 5.10,wellness-logging [WSL: Ubuntu],lib/data_processing/correlation_calculator.py,python,1702130940000
VSCode,Linux 5.10,wellness-logging [WSL: Ubuntu],lib/data_processing/correlation_calculator.py,python,1702131000000
VSCode,Linux 5.10,wellness-logging [WSL: Ubuntu],lib/data_processing/correlation_calculator.py,python,1702131120000
VSCode,Linux 5.10,wellness-logging [WSL: Ubuntu],lib/data_processing/correlation_calculator.py,python,1702131540000
VSCode,Linux 5.10,04-ActiveRecord-Advanced [WSL: Ubuntu],03-Sinatra/app/models/user.rb,ruby,1702131600000
VSCode,Linux 5.10,wellness-logging [WSL: Ubuntu],lib/data_processing/correlation_calculator.py,python,1702131660000
VSCode,Linux 5.10,wellness-logging [WSL: Ubuntu],lib/data_processing/correlation_calculator.py,python,1702131720000
VSCode,Linux 5.10,wellness-logging [WSL: Ubuntu],lib/data_processing/correlation_calculator.py,python,1702131780000
VSCode,Linux 5.10,wellness-logging [WSL: Ubuntu],lib/data_processing/correlation_calculator.py,python,1702131840000
VSCode,Linux 5.10,04-ActiveRecord-Advanced [WSL: Ubuntu],02-Validations/app/models/post.rb,ruby,1702131900000
VSCode,Linux 5.10,wellness-logging [WSL: Ubuntu],lib/data_processing/correlation_calculator.py,python,1702131960000
VSCode,Linux 5.10,04-ActiveRecord-Advanced [WSL: Ubuntu],02-Validations/app/models/post.rb,ruby,1702132020000
VSCode,Linux 5.10,wellness-logging [WSL: Ubuntu],lib/data_processing/correlation_calculator.py,python,1702132080000
VSCode,Linux 5.10,wellness-logging [WSL: Ubuntu],lib/data_processing/correlation_calculator.py,python,1702132140000
VSCode,Linux 5.10,wellness-logging [WSL: Ubuntu],lib/data_processing/correlation_calculator.py,python,1702132200000
VSCode,Linux 5.10,wellness-logging [WSL: Ubuntu],lib/data_processing/correlation_calculator.py,python,1702132260000
VSCode,Linux 5.10,wellness-logging [WSL: Ubuntu],lib/data_processing/correlation_calculator.py,python,1702132320000
VSCode,Linux 5.10,wellness-logging [WSL: Ubuntu],lib/data_processing/correlation_calculator.py,python,1702132380000
VSCode,Linux 5.10,wellness-logging [WSL: Ubuntu],lib/data_processing/correlation_calculator.py,python,1702132440000
VSCode,Linux 5.10,wellness-logging [WSL: Ubuntu],lib/data_processing/correlation_calculator.py,python,1702132500000
VSCode,Linux 5.10,wellness-logging [WSL: Ubuntu],lib/data_processing/correlation_calculator.py,python,1702132620000
VSCode,Linux 5.10,wellness-logging [WSL: Ubuntu],lib/data_processing/correlation_calculator.py,python,1702132680000
VSCode,Linux 5.10,wellness-logging [WSL: Ubuntu],lib/data_processing/correlation_calculator.py,python,1702132740000
VSCode,Linux 5.10,wellness-logging [WSL: Ubuntu],lib/data_processing/correlation_calculator.py,python,1702132800000
VSCode,Linux 5.10,wellness-logging [WSL: Ubuntu],lib/data_processing/correlation_calculator.py,python,1702132860000
VSCode,Linux 5.10,wellness-logging [WSL: Ubuntu],lib/data_processing/correlation_calculator.py,python,1702132920000
VSCode,Linux 5.10,wellness-logging [WSL: Ubuntu],lib/data_processing/correlation_calculator.py,python,1702132980000
VSCode,Linux 5.10,wellness-logging [WSL: Ubuntu],lib/data_processing/correlation_calculator.py,python,1702133040000
VSCode,Linux 5.10,wellness-logging [WSL: Ubuntu],lib/data_processing/correlation_calculator.py,python,1702133280000
VSCode,Linux 5.10,wellness-logging [WSL: Ubuntu],lib/data_processing/correlation_calculator.py,python,1702133340000
VSCode,Linux 5.10,wellness-logging [WSL: Ubuntu],lib/data_processing/correlation_calculator.py,python,1702133400000
VSCode,Linux 5.10,wellness-logging [WSL: Ubuntu],lib/data_processing/correlation_calculator.py,python,1702133460000
VSCode,Linux 5.10,wellness-logging [WSL: Ubuntu],lib/data_processing/correlation_calculator.py,python,1702133520000
VSCode,Linux 5.10,wellness-logging [WSL: Ubuntu],lib/data_processing/correlation_calculator.py,python,1702133580000
VSCode,Linux 5.10,wellness-logging [WSL: Ubuntu],lib/data_processing/correlation_calculator.py,python,1702133640000
VSCode,Linux 5.10,wellness-logging [WSL: Ubuntu],lib/data_processing/correlation_calculator.py,python,1702133700000
VSCode,Linux 5.10,wellness-logging [WSL: Ubuntu],lib/data_processing/correlation_calculator.py,python,1702133760000
VSCode,Linux 5.10,wellness-logging [WSL: Ubuntu],lib/data_processing/correlation_calculator.py,python,1702133820000
VSCode,Linux 5.10,wellness-logging [WSL: Ubuntu],lib/data_processing/correlation_calculator.py,python,1702133880000
VSCode,Linux 5.10,wellness-logging [WSL: Ubuntu],lib/data_processing/correlation_calculator.py,python,1702133940000
VSCode,Linux 5.10,wellness-logging [WSL: Ubuntu],lib/data_processing/correlation_calculator.py,python,1702134000000
VSCode,Linux 5.10,wellness-logging [WSL: Ubuntu],lib/data_processing/correlation_calculator.py,python,1702134060000
VSCode,Linux 5.10,wellness-logging [WSL: Ubuntu],lib/data_processing/correlation_calculator.py,python,1702134120000
VSCode,Linux 5.10,04-ActiveRecord-Advanced [WSL: Ubuntu],02-Validations/app/models/post.rb,ruby,1702134180000
VSCode,Linux 5.10,wellness-logging [WSL: Ubuntu],lib/data_processing/correlation_calculator.py,python,1702134240000
VSCode,Linux 5.10,wellness-logging [WSL: Ubuntu],lib/data_processing/correlation_calculator.py,python,1702134300000
VSCode,Linux 5.10,wellness-logging [WSL: Ubuntu],lib/data_processing/correlation_calculator.py,python,1702134360000
VSCode,Linux 5.10,wellness-logging [WSL: Ubuntu],lib/data_processing/correlation_calculator.py,python,1702134420000
VSCode,Linux 5.10,wellness-logging [WSL: Ubuntu],lib/data_processing/correlation_calculator.py,python,1702134480000
VSCode,Linux 5.10,wellness-logging [WSL: Ubuntu],lib/data_processing/correlation_calculator.py,python,1702134600000
VSCode,Linux 5.10,wellness-logging [WSL: Ubuntu],lib/data_processing/correlation_calculator.py,python,1702134780000
VSCode,Linux 5.10,wellness-logging [WSL: Ubuntu],lib/data_processing/correlation_calculator.py,python,1702134840000
VSCode,Linux 5.10,wellness-logging [WSL: Ubuntu],lib/data_processing/correlation_calculator.py,python,1702134900000
VSCode,Linux 5.10,wellness-logging [WSL: Ubuntu],lib/data_processing/correlation_calculator.py,python,1702134960000
VSCode,Linux 5.10,wellness-logging [WSL: Ubuntu],lib/data_processing/correlation_calculator.py,python,1702135020000
VSCode,Linux 5.10,wellness-logging [WSL: Ubuntu],lib/data_processing/correlation_calculator.py,python,1702135080000
VSCode,Linux 5.10,wellness-logging [WSL: Ubuntu],lib/data_processing/correlation_calculator.py,python,1702135140000
VSCode,Linux 5.10,wellness-logging [WSL: Ubuntu],lib/data_processing/correlation_calculator.py,python,1702135200000
VSCode,Linux 5.10,wellness-logging [WSL: Ubuntu],lib/data_processing/correlation_calculator.py,python,1702135260000
VSCode,Linux 5.10,wellness-logging [WSL: Ubuntu],lib/data_processing/correlation_calculator.py,python,1702135320000
VSCode,Linux 5.10,wellness-logging [WSL: Ubuntu],lib/data_processing/correlation_calculator.py,python,1702135380000
VSCode,Linux 5.10,wellness-logging [WSL: Ubuntu],lib/data_processing/correlation_calculator.py,python,1702135440000
VSCode,Linux 5.10,wellness-logging [WSL: Ubuntu],lib/data_processing/correlation_calculator.py,python,1702135500000
VSCode,Linux 5.10,wellness-logging [WSL: Ubuntu],lib/data_processing/correlation_calculator.py,python,1702135560000
VSCode,Linux 5.10,wellness-logging [WSL: Ubuntu],lib/data_processing/correlation_calculator.py,python,1702135620000
VSCode,Linux 5.10,wellness-logging [WSL: Ubuntu],lib/data_processing/correlation_calculator.py,python,1702135740000
VSCode,Linux 5.10,wellness-logging [WSL: Ubuntu],lib/data_processing/correlation_calculator.py,python,1702135800000
VSCode,Linux 5.10,wellness-logging [WSL: Ubuntu],lib/data_processing/correlation_calculator.py,python,1702135860000
VSCode,Linux 5.10,wellness-logging [WSL: Ubuntu],lib/data_processing/correlation_calculator.py,python,1702135920000
VSCode,Linux 5.10,wellness-logging [WSL: Ubuntu],lib/data_processing/correlation_calculator.py,python,1702135980000
VSCode,Linux 5.10,wellness-logging [WSL: Ubuntu],lib/data_processing/correlation_calculator.py,python,1702136040000
VSCode,Linux 5.10,04-ActiveRecord-Advanced [WSL: Ubuntu],02-Validations/app/models/post.rb,ruby,1702136400000
VSCode,Linux 5.10,wellness-logging [WSL: Ubuntu],lib/data_processing/correlation_calculator.py,python,1702136460000
VSCode,Linux 5.10,wellness-logging [WSL: Ubuntu],lib/data_processing/correlation_calculator.py,python,1702136520000
VSCode,Linux 5.10,wellness-logging [WSL: Ubuntu],lib/data_processing/correlation_calculator.py,python,1702136640000
VSCode,Linux 5.10,04-ActiveRecord-Advanced [WSL: Ubuntu],02-Validations/app/models/post.rb,ruby,1702136760000
VSCode,Linux 5.10,wellness-logging [WSL: Ubuntu],lib/data_processing/correlation_calculator.py,python,1702136820000
VSCode,Linux 5.10,wellness-logging [WSL: Ubuntu],lib/data_processing/correlation_calculator.py,python,1702136880000
VSCode,Linux 5.10,wellness-logging [WSL: Ubuntu],lib/data_processing/correlation_calculator.py,python,1702136940000
VSCode,Linux 5.10,wellness-logging [WSL: Ubuntu],lib/data_processing/correlation_calculator.py,python,1702137000000
VSCode,Linux 5.10,wellness-logging [WSL: Ubuntu],lib/data_processing/correlation_calculator.py,python,1702137060000
VSCode,Linux 5.10,wellness-logging [WSL: Ubuntu],lib/data_processing/correlation_calculator.py,python,1702137120000
VSCode,Linux 5.10,wellness-logging [WSL: Ubuntu],lib/data_processing/correlation_calculator.py,python,1702137180000
VSCode,Linux 5.10,wellness-logging [WSL: Ubuntu],lib/data_processing/correlation_calculator.py,python,1702137240000
VSCode,Linux 5.10,04-ActiveRecord-Advanced [WSL: Ubuntu],02-Validations/app/models/post.rb,ruby,1702208640000
VSCode,Linux 5.10,wellness-logging [WSL: Ubuntu],lib/data_processing/correlation_calculator.py,python,1702208700000
VSCode,Linux 5.10,wellness-logging [WSL: Ubuntu],lib/data_processing/correlation_calculator.py,python,1702208760000
VSCode,Linux 5.10,wellness-logging [WSL: Ubuntu],lib/data_processing/correlation_calculator.py,python,1702208940000
VSCode,Linux 5.10,wellness-logging [WSL: Ubuntu],lib/data_processing/correlation_calculator.py,python,1702209000000
VSCode,Linux 5.10,wellness-logging [WSL: Ubuntu],lib/data_processing/correlation_calculator.py,python,1702209060000
VSCode,Linux 5.10,wellness-logging [WSL: Ubuntu],lib/data_processing/correlation_calculator.py,python,1702209240000
VSCode,Linux 5.10,wellness-logging [WSL: Ubuntu],lib/data_processing/correlation_calculator.py,python,1702209180000
VSCode,Linux 5.10,wellness-logging [WSL: Ubuntu],lib/data_processing/correlation_calculator.py,python,1702209420000
VSCode,Linux 5.10,wellness-logging [WSL: Ubuntu],lib/data_processing/correlation_calculator.py,python,1702209300000
VSCode,Linux 5.10,wellness-logging [WSL: Ubuntu],lib/data_processing/correlation_calculator.py,python,1702209480000
VSCode,Linux 5.10,wellness-logging [WSL: Ubuntu],lib/data_processing/correlation_calculator.py,python,1702209540000
VSCode,Linux 5.10,wellness-logging [WSL: Ubuntu],lib/data_processing/correlation_calculator.py,python,1702209600000
VSCode,Linux 5.10,wellness-logging [WSL: Ubuntu],lib/data_processing/correlation_calculator.py,python,1702209660000
VSCode,Linux 5.10,wellness-logging [WSL: Ubuntu],lib/data_processing/correlation_calculator.py,python,1702209720000
VSCode,Linux 5.10,wellness-logging [WSL: Ubuntu],lib/data_processing/correlation_calculator.py,python,1702209780000
VSCode,Linux 5.10,wellness-logging [WSL: Ubuntu],lib/data_processing/correlation_calculator.py,python,1702209960000
VSCode,Linux 5.10,wellness-logging [WSL: Ubuntu],lib/data_processing/correlation_calculator.py,python,1702210020000
VSCode,Linux 5.10,wellness-logging [WSL: Ubuntu],lib/data_processing/correlation_calculator.py,python,1702210080000
VSCode,Linux 5.10,wellness-logging [WSL: Ubuntu],lib/data_processing/correlation_calculator.py,python,1702210140000
VSCode,Linux 5.10,wellness-logging [WSL: Ubuntu],lib/data_processing/correlation_calculator.py,python,1702210200000
VSCode,Linux 5.10,wellness-logging [WSL: Ubuntu],lib/data_processing/correlation_calculator.py,python,1702210260000
VSCode,Linux 5.10,wellness-logging [WSL: Ubuntu],lib/data_processing/correlation_calculator.py,python,1702210320000
VSCode,Linux 5.10,wellness-logging [WSL: Ubuntu],lib/data_processing/correlation_calculator.py,python,1702210380000
VSCode,Linux 5.10,wellness-logging [WSL: Ubuntu],lib/data_processing/correlation_calculator.py,python,1702210440000
VSCode,Linux 5.10,wellness-logging [WSL: Ubuntu],lib/data_processing/correlation_calculator.py,python,1702210500000
VSCode,Linux 5.10,wellness-logging [WSL: Ubuntu],lib/data_processing/correlation_calculator.py,python,1702210620000
VSCode,Linux 5.10,wellness-logging [WSL: Ubuntu],lib/data_processing/correlation_calculator.py,python,1702210680000
VSCode,Linux 5.10,wellness-logging [WSL: Ubuntu],lib/data_processing/correlation_calculator.py,python,1702210740000
VSCode,Linux 5.10,wellness-logging [WSL: Ubuntu],lib/data_processing/data_processing.py,python,1702210800000
VSCode,Linux 5.10,wellness-logging [WSL: Ubuntu],lib/data_processing/correlation_calculator.py,python,1702210860000
VSCode,Linux 5.10,wellness-logging [WSL: Ubuntu],lib/data_processing/correlation_calculator.py,python,1702210980000
VSCode,Linux 5.10,wellness-logging [WSL: Ubuntu],lib/data_processing/correlation_calculator.py,python,1702211040000
VSCode,Linux 5.10,wellness-logging [WSL: Ubuntu],lib/data_processing/correlation_calculator.py,python,1702211100000
VSCode,Linux 5.10,wellness-logging [WSL: Ubuntu],lib/data_processing/correlation_calculator.py,python,1702211160000
VSCode,Linux 5.10,wellness-logging [WSL: Ubuntu],lib/data_processing/correlation_calculator.py,python,1702211220000
VSCode,Linux 5.10,wellness-logging [WSL: Ubuntu],lib/data_processing/correlation_calculator.py,python,1702211280000
VSCode,Linux 5.10,wellness-logging [WSL: Ubuntu],lib/data_processing/correlation_calculator.py,python,1702211340000
VSCode,Linux 5.10,wellness-logging [WSL: Ubuntu],lib/data_processing/correlation_calculator.py,python,1702211460000
VSCode,Linux 5.10,wellness-logging [WSL: Ubuntu],lib/data_processing/correlation_calculator.py,python,1702211820000
VSCode,Linux 5.10,wellness-logging [WSL: Ubuntu],lib/data_processing/correlation_calculator.py,python,1702212000000
VSCode,Linux 5.10,wellness-logging [WSL: Ubuntu],lib/data_processing/correlation_calculator.py,python,1702212060000
VSCode,Linux 5.10,wellness-logging [WSL: Ubuntu],lib/data_processing/correlation_calculator.py,python,1702212120000
VSCode,Linux 5.10,wellness-logging [WSL: Ubuntu],lib/data_processing/correlation_calculator.py,python,1702212180000
VSCode,Linux 5.10,wellness-logging [WSL: Ubuntu],lib/data_processing/correlation_calculator.py,python,1702212240000
VSCode,Linux 5.10,wellness-logging [WSL: Ubuntu],lib/data_processing/correlation_calculator.py,python,1702212300000
VSCode,Linux 5.10,wellness-logging [WSL: Ubuntu],lib/data_processing/correlation_calculator.py,python,1702212360000
VSCode,Linux 5.10,wellness-logging [WSL: Ubuntu],lib/data_processing/correlation_calculator.py,python,1702212420000
VSCode,Linux 5.10,wellness-logging [WSL: Ubuntu],lib/data_processing/correlation_calculator.py,python,1702212660000
VSCode,Linux 5.10,wellness-logging [WSL: Ubuntu],lib/data_processing/correlation_calculator.py,python,1702213020000
VSCode,Linux 5.10,wellness-logging [WSL: Ubuntu],lib/data_processing/correlation_calculator.py,python,1702213080000
VSCode,Linux 5.10,wellness-logging [WSL: Ubuntu],lib/data_processing/correlation_calculator.py,python,1702213140000
VSCode,Linux 5.10,wellness-logging [WSL: Ubuntu],lib/data_processing/correlation_calculator.py,python,1702213200000
VSCode,Linux 5.10,wellness-logging [WSL: Ubuntu],lib/controllers/main_controller.py,python,1702213260000
VSCode,Linux 5.10,wellness-logging [WSL: Ubuntu],lib/data_processing/data_processing.py,python,1702213320000
VSCode,Linux 5.10,wellness-logging [WSL: Ubuntu],lib/data_processing/data_processing.py,python,1702213380000
VSCode,Linux 5.10,wellness-logging [WSL: Ubuntu],lib/data_processing/bearable_data.py,python,1702213440000
VSCode,Linux 5.10,wellness-logging [WSL: Ubuntu],lib/data_processing/data_processing.py,python,1702213500000
VSCode,Linux 5.10,wellness-logging [WSL: Ubuntu],lib/controllers/main_controller.py,python,1702213560000
VSCode,Linux 5.10,wellness-logging [WSL: Ubuntu],lib/data_processing/data_processing.py,python,1702213620000
VSCode,Linux 5.10,wellness-logging [WSL: Ubuntu],FROM WORK WIP/BK-correlations.py,python,1702213680000
VSCode,Linux 5.10,wellness-logging [WSL: Ubuntu],lib/data_processing/data_processing.py,python,1702213740000
VSCode,Linux 5.10,wellness-logging [WSL: Ubuntu],lib/data_processing/data_processing.py,python,1702213800000
VSCode,Linux 5.10,wellness-logging [WSL: Ubuntu],lib/controllers/main_controller.py,python,1702213860000
VSCode,Linux 5.10,wellness-logging [WSL: Ubuntu],lib/controllers/main_controller.py,python,1702213920000
VSCode,Linux 5.10,wellness-logging [WSL: Ubuntu],lib/controllers/main_controller.py,python,1702213980000
VSCode,Linux 5.10,wellness-logging [WSL: Ubuntu],lib/controllers/main_controller.py,python,1702214040000
VSCode,Linux 5.10,wellness-logging [WSL: Ubuntu],lib/controllers/main_controller.py,python,1702214100000
VSCode,Linux 5.10,wellness-logging [WSL: Ubuntu],interface.py,python,1702214160000
VSCode,Linux 5.10,wellness-logging [WSL: Ubuntu],lib/controllers/main_controller.py,python,1702214220000
VSCode,Linux 5.10,wellness-logging [WSL: Ubuntu],lib/controllers/main_controller.py,python,1702214280000
VSCode,Linux 5.10,wellness-logging [WSL: Ubuntu],lib/data_processing/correlation_calculator.py,python,1702214340000
VSCode,Linux 5.10,wellness-logging [WSL: Ubuntu],lib/data_processing/correlation_calculator.py,python,1702214400000
VSCode,Linux 5.10,wellness-logging [WSL: Ubuntu],lib/data_processing/correlation_calculator.py,python,1702214460000
VSCode,Linux 5.10,wellness-logging [WSL: Ubuntu],lib/data_processing/correlation_calculator.py,python,1702214520000
VSCode,Linux 5.10,wellness-logging [WSL: Ubuntu],lib/data_processing/correlation_calculator.py,python,1702214580000
VSCode,Linux 5.10,wellness-logging [WSL: Ubuntu],lib/data_processing/correlation_calculator.py,python,1702214640000
VSCode,Linux 5.10,wellness-logging [WSL: Ubuntu],lib/controllers/main_controller.py,python,1702214760000
VSCode,Linux 5.10,wellness-logging [WSL: Ubuntu],lib/data_processing/correlation_calculator.py,python,1702214700000
VSCode,Linux 5.10,wellness-logging [WSL: Ubuntu],lib/data_processing/correlation_calculator.py,python,1702214820000
VSCode,Linux 5.10,wellness-logging [WSL: Ubuntu],lib/controllers/main_controller.py,python,1702214880000
VSCode,Linux 5.10,wellness-logging [WSL: Ubuntu],lib/data_processing/correlation_calculator.py,python,1702214940000
VSCode,Linux 5.10,wellness-logging [WSL: Ubuntu],lib/data_processing/correlation_calculator.py,python,1702215000000
VSCode,Linux 5.10,wellness-logging [WSL: Ubuntu],lib/data_processing/correlation_calculator.py,python,1702215060000
VSCode,Linux 5.10,wellness-logging [WSL: Ubuntu],lib/controllers/main_controller.py,python,1702215120000
VSCode,Linux 5.10,wellness-logging [WSL: Ubuntu],lib/controllers/main_controller.py,python,1702215180000
VSCode,Linux 5.10,wellness-logging [WSL: Ubuntu],lib/data_processing/correlation_calculator.py,python,1702215240000
VSCode,Linux 5.10,wellness-logging [WSL: Ubuntu],lib/controllers/main_controller.py,python,1702215300000
VSCode,Linux 5.10,wellness-logging [WSL: Ubuntu],lib/controllers/main_controller.py,python,1702215360000
VSCode,Linux 5.10,wellness-logging [WSL: Ubuntu],lib/controllers/main_controller.py,python,1702215420000
VSCode,Linux 5.10,wellness-logging [WSL: Ubuntu],lib/controllers/main_controller.py,python,1702215480000
VSCode,Linux 5.10,wellness-logging [WSL: Ubuntu],lib/controllers/main_controller.py,python,1702215540000
VSCode,Linux 5.10,wellness-logging [WSL: Ubuntu],lib/controllers/main_controller.py,python,1702215600000
VSCode,Linux 5.10,wellness-logging [WSL: Ubuntu],lib/controllers/main_controller.py,python,1702215660000
VSCode,Linux 5.10,wellness-logging [WSL: Ubuntu],lib/visualization/plotter.py,python,1702215720000
VSCode,Linux 5.10,wellness-logging [WSL: Ubuntu],lib/visualization/plotter.py,python,1702215780000
VSCode,Linux 5.10,wellness-logging [WSL: Ubuntu],lib/visualization/plotter.py,python,1702215840000
VSCode,Linux 5.10,wellness-logging [WSL: Ubuntu],lib/visualization/plotter.py,python,1702215900000
VSCode,Linux 5.10,wellness-logging [WSL: Ubuntu],lib/visualization/plotter.py,python,1702215960000
VSCode,Linux 5.10,wellness-logging [WSL: Ubuntu],lib/visualization/plotter.py,python,1702216020000
VSCode,Linux 5.10,wellness-logging [WSL: Ubuntu],lib/visualization/plotter.py,python,1702216080000
VSCode,Linux 5.10,wellness-logging [WSL: Ubuntu],lib/visualization/plotter.py,python,1702216140000
VSCode,Linux 5.10,wellness-logging [WSL: Ubuntu],lib/visualization/plotter.py,python,1702216200000
VSCode,Linux 5.10,wellness-logging [WSL: Ubuntu],lib/visualization/plotter.py,python,1702216260000
VSCode,Linux 5.10,wellness-logging [WSL: Ubuntu],lib/visualization/plotter.py,python,1702216320000
VSCode,Linux 5.10,wellness-logging [WSL: Ubuntu],lib/visualization/plotter.py,python,1702216380000
VSCode,Linux 5.10,wellness-logging [WSL: Ubuntu],lib/visualization/plotter.py,python,1702216440000
VSCode,Linux 5.10,wellness-logging [WSL: Ubuntu],lib/visualization/plotter.py,python,1702216500000
VSCode,Linux 5.10,wellness-logging [WSL: Ubuntu],lib/visualization/plotter.py,python,1702216560000
VSCode,Linux 5.10,wellness-logging [WSL: Ubuntu],lib/visualization/plotter.py,python,1702216620000
VSCode,Linux 5.10,wellness-logging [WSL: Ubuntu],lib/visualization/plotter.py,python,1702216680000
VSCode,Linux 5.10,wellness-logging [WSL: Ubuntu],lib/visualization/plotter.py,python,1702216740000
VSCode,Linux 5.10,wellness-logging [WSL: Ubuntu],lib/visualization/plotter.py,python,1702216800000
VSCode,Linux 5.10,wellness-logging [WSL: Ubuntu],lib/visualization/plotter.py,python,1702216860000
VSCode,Linux 5.10,wellness-logging [WSL: Ubuntu],lib/visualization/plotter.py,python,1702216920000
VSCode,Linux 5.10,wellness-logging [WSL: Ubuntu],lib/visualization/plotter.py,python,1702216980000
VSCode,Linux 5.10,wellness-logging [WSL: Ubuntu],lib/visualization/plotter.py,python,1702217040000
VSCode,Linux 5.10,wellness-logging [WSL: Ubuntu],lib/visualization/plotter.py,python,1702217100000
VSCode,Linux 5.10,wellness-logging [WSL: Ubuntu],lib/visualization/plotter.py,python,1702217160000
VSCode,Linux 5.10,wellness-logging [WSL: Ubuntu],lib/visualization/plotter.py,python,1702217220000
VSCode,Linux 5.10,wellness-logging [WSL: Ubuntu],lib/visualization/plotter.py,python,1702217280000
VSCode,Linux 5.10,wellness-logging [WSL: Ubuntu],lib/visualization/plotter.py,python,1702217340000
VSCode,Linux 5.10,wellness-logging [WSL: Ubuntu],lib/visualization/plotter.py,python,1702217400000
VSCode,Linux 5.10,wellness-logging [WSL: Ubuntu],lib/visualization/plotter.py,python,1702217460000
VSCode,Linux 5.10,wellness-logging [WSL: Ubuntu],lib/visualization/plotter.py,python,1702217520000
VSCode,Linux 5.10,wellness-logging [WSL: Ubuntu],lib/data_processing/bearable_data.py,python,1702217580000
VSCode,Linux 5.10,wellness-logging [WSL: Ubuntu],lib/visualization/plotter.py,python,1702217640000
VSCode,Linux 5.10,wellness-logging [WSL: Ubuntu],lib/controllers/main_controller.py,python,1702217700000
VSCode,Linux 5.10,wellness-logging [WSL: Ubuntu],lib/controllers/main_controller.py,python,1702217760000
VSCode,Linux 5.10,wellness-logging [WSL: Ubuntu],lib/visualization/plotter.py,python,1702217820000
VSCode,Linux 5.10,wellness-logging [WSL: Ubuntu],lib/visualization/plotter.py,python,1702217880000
VSCode,Linux 5.10,wellness-logging [WSL: Ubuntu],lib/visualization/plotter.py,python,1702217940000
VSCode,Linux 5.10,wellness-logging [WSL: Ubuntu],lib/visualization/plotter.py,python,1702218000000
VSCode,Linux 5.10,wellness-logging [WSL: Ubuntu],lib/visualization/plotter.py,python,1702218060000
VSCode,Linux 5.10,wellness-logging [WSL: Ubuntu],lib/controllers/main_controller.py,python,1702218120000
VSCode,Linux 5.10,wellness-logging [WSL: Ubuntu],lib/controllers/main_controller.py,python,1702218180000
VSCode,Linux 5.10,wellness-logging [WSL: Ubuntu],lib/visualization/plotter.py,python,1702218240000
VSCode,Linux 5.10,wellness-logging [WSL: Ubuntu],lib/visualization/plotter.py,python,1702218300000
VSCode,Linux 5.10,wellness-logging [WSL: Ubuntu],lib/visualization/plotter.py,python,1702218360000
VSCode,Linux 5.10,wellness-logging [WSL: Ubuntu],lib/visualization/plotter.py,python,1702218420000
VSCode,Linux 5.10,wellness-logging [WSL: Ubuntu],lib/controllers/main_controller.py,python,1702218480000
VSCode,Linux 5.10,wellness-logging [WSL: Ubuntu],lib/controllers/main_controller.py,python,1702218540000
VSCode,Linux 5.10,wellness-logging [WSL: Ubuntu],lib/controllers/main_controller.py,python,1702218660000
VSCode,Linux 5.10,wellness-logging [WSL: Ubuntu],lib/visualization/plotter.py,python,1702218720000
VSCode,Linux 5.10,wellness-logging [WSL: Ubuntu],lib/visualization/plotter.py,python,1702218780000
VSCode,Linux 5.10,wellness-logging [WSL: Ubuntu],lib/visualization/plotter.py,python,1702218840000
VSCode,Linux 5.10,wellness-logging [WSL: Ubuntu],lib/visualization/plotter.py,python,1702218900000
VSCode,Linux 5.10,wellness-logging [WSL: Ubuntu],lib/visualization/plotter.py,python,1702218960000
VSCode,Linux 5.10,wellness-logging [WSL: Ubuntu],lib/visualization/plotter.py,python,1702219020000
VSCode,Linux 5.10,wellness-logging [WSL: Ubuntu],lib/visualization/plotter.py,python,1702219080000
VSCode,Linux 5.10,wellness-logging [WSL: Ubuntu],lib/visualization/plotter.py,python,1702219140000
VSCode,Linux 5.10,wellness-logging [WSL: Ubuntu],lib/controllers/main_controller.py,python,1702219200000
VSCode,Linux 5.10,wellness-logging [WSL: Ubuntu],lib/controllers/main_controller.py,python,1702219500000
VSCode,Linux 5.10,wellness-logging [WSL: Ubuntu],lib/controllers/main_controller.py,python,1702219560000
VSCode,Linux 5.10,wellness-logging [WSL: Ubuntu],lib/controllers/main_controller.py,python,1702219620000
VSCode,Linux 5.10,wellness-logging [WSL: Ubuntu],lib/controllers/main_controller.py,python,1702219680000
VSCode,Linux 5.10,wellness-logging [WSL: Ubuntu],lib/controllers/main_controller.py,python,1702219740000
VSCode,Linux 5.10,wellness-logging [WSL: Ubuntu],lib/visualization/plotter.py,python,1702219860000
VSCode,Linux 5.10,wellness-logging [WSL: Ubuntu],lib/visualization/plotter.py,python,1702219920000
VSCode,Linux 5.10,wellness-logging [WSL: Ubuntu],lib/visualization/plotter.py,python,1702219980000
VSCode,Linux 5.10,wellness-logging [WSL: Ubuntu],lib/visualization/plotter.py,python,1702220040000
VSCode,Linux 5.10,wellness-logging [WSL: Ubuntu],lib/visualization/plotter.py,python,1702220100000
VSCode,Linux 5.10,wellness-logging [WSL: Ubuntu],lib/visualization/plotter.py,python,1702220160000
VSCode,Linux 5.10,wellness-logging [WSL: Ubuntu],lib/visualization/plotter.py,python,1702220220000
VSCode,Linux 5.10,wellness-logging [WSL: Ubuntu],lib/controllers/main_controller.py,python,1702220280000
VSCode,Linux 5.10,wellness-logging [WSL: Ubuntu],lib/controllers/main_controller.py,python,1702220340000
VSCode,Linux 5.10,wellness-logging [WSL: Ubuntu],lib/controllers/main_controller.py,python,1702220400000
VSCode,Linux 5.10,wellness-logging [WSL: Ubuntu],lib/controllers/main_controller.py,python,1702220460000
VSCode,Linux 5.10,wellness-logging [WSL: Ubuntu],interface.py,python,1702220520000
VSCode,Linux 5.10,wellness-logging [WSL: Ubuntu],interface.py,python,1702220580000
VSCode,Linux 5.10,wellness-logging [WSL: Ubuntu],interface.py,python,1702220640000
VSCode,Linux 5.10,wellness-logging [WSL: Ubuntu],interface.py,python,1702220700000
VSCode,Linux 5.10,03-AR-Database [WSL: Ubuntu],03-ActiveRecord-Basics/03-Models/app.rb,ruby,1702220760000
VSCode,Linux 5.10,03-AR-Database [WSL: Ubuntu],03-ActiveRecord-Basics/03-Models/app.rb,ruby,1702220820000
VSCode,Linux 5.10,wellness-logging [WSL: Ubuntu],router.py,python,1702220880000
VSCode,Linux 5.10,wellness-logging [WSL: Ubuntu],router.py,python,1702220940000
VSCode,Linux 5.10,wellness-logging [WSL: Ubuntu],lib/visualization/plotter.py,python,1702221000000
VSCode,Linux 5.10,wellness-logging [WSL: Ubuntu],router.py,python,1702221060000
VSCode,Linux 5.10,wellness-logging [WSL: Ubuntu],router.py,python,1702221120000
VSCode,Linux 5.10,wellness-logging [WSL: Ubuntu],router.py,python,1702221180000
VSCode,Linux 5.10,wellness-logging [WSL: Ubuntu],router.py,python,1702221240000
VSCode,Linux 5.10,wellness-logging [WSL: Ubuntu],router.py,python,1702221300000
VSCode,Linux 5.10,wellness-logging [WSL: Ubuntu],router.py,python,1702221360000
VSCode,Linux 5.10,wellness-logging [WSL: Ubuntu],router.py,python,1702221420000
VSCode,Linux 5.10,wellness-logging [WSL: Ubuntu],lib/controllers/test.rb,ruby,1702222800000
VSCode,Linux 5.10,wellness-logging [WSL: Ubuntu],lib/controllers/test.rb,ruby,1702222860000
VSCode,Linux 5.10,wellness-logging [WSL: Ubuntu],lib/controllers/test.rb,ruby,1702222920000
VSCode,Linux 5.10,wellness-logging [WSL: Ubuntu],lib/controllers/test.rb,ruby,1702223160000
VSCode,Linux 5.10,wellness-logging [WSL: Ubuntu],lib/controllers/test.rb,ruby,1702223220000
VSCode,Linux 5.10,wellness-logging [WSL: Ubuntu],lib/controllers/test.rb,ruby,1702223340000
VSCode,Linux 5.10,wellness-logging [WSL: Ubuntu],lib/controllers/test.rb,ruby,1702223400000
VSCode,Linux 5.10,wellness-logging [WSL: Ubuntu],lib/controllers/test.rb,ruby,1702223580000
VSCode,Linux 5.10,wellness-logging [WSL: Ubuntu],lib/controllers/test.rb,ruby,1702223640000
VSCode,Linux 5.10,wellness-logging [WSL: Ubuntu],test.rb,ruby,1702223700000
VSCode,Linux 5.10,wellness-logging [WSL: Ubuntu],test.rb,ruby,1702223760000
VSCode,Linux 5.10,wellness-logging [WSL: Ubuntu],test.rb,ruby,1702223820000
VSCode,Linux 5.10,wellness-logging [WSL: Ubuntu],test.rb,ruby,1702223880000
VSCode,Linux 5.10,wellness-logging [WSL: Ubuntu],test.rb,ruby,1702223940000
VSCode,Linux 5.10,wellness-logging [WSL: Ubuntu],test.rb,ruby,1702224000000
VSCode,Linux 5.10,wellness-logging [WSL: Ubuntu],test.rb,ruby,1702224060000
VSCode,Linux 5.10,wellness-logging [WSL: Ubuntu],test.rb,ruby,1702224120000
VSCode,Linux 5.10,wellness-logging [WSL: Ubuntu],test.rb,ruby,1702224180000
VSCode,Linux 5.10,wellness-logging [WSL: Ubuntu],test.rb,ruby,1702224240000
VSCode,Linux 5.10,wellness-logging [WSL: Ubuntu],test.rb,ruby,1702224300000
VSCode,Linux 5.10,wellness-logging [WSL: Ubuntu],test.rb,ruby,1702224540000
VSCode,Linux 5.10,wellness-logging [WSL: Ubuntu],test.rb,ruby,1702224600000
VSCode,Linux 5.10,wellness-logging [WSL: Ubuntu],test.rb,ruby,1702224660000
VSCode,Linux 5.10,wellness-logging [WSL: Ubuntu],test.rb,ruby,1702224720000
VSCode,Linux 5.10,wellness-logging [WSL: Ubuntu],test.rb,ruby,1702224780000
VSCode,Linux 5.10,wellness-logging [WSL: Ubuntu],test.rb,ruby,1702224840000
VSCode,Linux 5.10,wellness-logging [WSL: Ubuntu],test.rb,ruby,1702224900000
VSCode,Linux 5.10,wellness-logging [WSL: Ubuntu],test.rb,ruby,1702224960000
VSCode,Linux 5.10,wellness-logging [WSL: Ubuntu],test.rb,ruby,1702225020000
VSCode,Linux 5.10,wellness-logging [WSL: Ubuntu],test.rb,ruby,1702225080000
VSCode,Linux 5.10,wellness-logging [WSL: Ubuntu],test.rb,ruby,1702225140000
VSCode,Linux 5.10,wellness-logging [WSL: Ubuntu],test.rb,ruby,1702225200000
VSCode,Linux 5.10,wellness-logging [WSL: Ubuntu],test.rb,ruby,1702225260000
VSCode,Linux 5.10,wellness-logging [WSL: Ubuntu],test.rb,ruby,1702225320000
VSCode,Linux 5.10,wellness-logging [WSL: Ubuntu],test.rb,ruby,1702225380000
VSCode,Linux 5.10,wellness-logging [WSL: Ubuntu],test.rb,ruby,1702225440000
VSCode,Linux 5.10,wellness-logging [WSL: Ubuntu],test.rb,ruby,1702225500000
VSCode,Linux 5.10,wellness-logging [WSL: Ubuntu],test.rb,ruby,1702225560000
VSCode,Linux 5.10,wellness-logging [WSL: Ubuntu],test.rb,ruby,1702225620000
VSCode,Linux 5.10,wellness-logging [WSL: Ubuntu],test.rb,ruby,1702225680000
VSCode,Linux 5.10,wellness-logging [WSL: Ubuntu],test.rb,ruby,1702225800000
VSCode,Linux 5.10,wellness-logging [WSL: Ubuntu],test.rb,ruby,1702225860000
VSCode,Linux 5.10,w